{"cameraMode":{"drawMode":0,"name":"Shaded","section":"Shading Mode"},"sceneLighting":true,"audioPlay":false,"sceneViewState":{"m_AlwaysRefresh":false,"showFog":true,"showSkybox":true,"showFlares":true,"showImageEffects":true,"showParticleSystems":true,"showVisualEffectGraphs":true,"m_FxEnabled":true},"in2DMode":false,"pivot":{"x":-0.06917443871498108,"y":-0.25534480810165408,"z":0.25387951731681826},"rotation":{"x":-0.0016449671238660813,"y":0.9574201703071594,"z":-0.28863900899887087,"w":-0.005456543993204832},"size":9.550000190734864,"orthographic":false}